hashtags,count
pakonlinenews,24235
Palestine,18241
Iran,14289
SachTimes,14246
Israel,14202
DeleteIsrael,13421
Gaza,13056
السعودية,11105
art,10869
FreePalestine,10580
nature,9160
science,8825
senpaiBot,8686
النجم_الثاقب,8149
BREAKING,7670
پیام_حسین,7663
Syria,7249
Yemen,7220
اليمن,7158
روحانی,7108
Trump,7011
mukminindonesia,6747
WhyISupportIK,6679
الرأي_التونسي,6593
QudsDay4Return,6268
news,6196
photography,6050
sky,6043
syiah,5957
LetKashmirBeFree,5909
BDS,5833
نواز_کا_نظریہ_کرپشن,5765
HusainForJustice,5760
Palestinian,5621
QudsCapitalOfPalestine,5574
QudsDay,5506
ناکام_نواز_حکومت,5492
PakistanWillRiseAgain,5463
TeachingsOfNabiSAW,5447
Science,5390
LetsEducatePakistan,5143
تونس,5140
LetsFightTerrorism,5066
SaveRohingya,5048
الجزائر,4937
ISIS,4902
NoDAPL,4809
Pakistan,4740
BreakHasr,4686
قاتل_پنجاب_حکومت,4652
کرپشن_فری_پاکستان,4615
PhotographyIsArt,4541
BringLootedMoneyBack,4516
StandUpForTeamGreen,4468
KPKLovesPTI,4464
MuslimsAreUnited,4444
NoMoreYellowJournalism,4318
BeABetterMuslim,4311
BlessedFriday,4260
beritaislam,4256
Israeli,4254
چهارسال_جنایت,4243
MuslimsRejectTrump,4233
Saudi,4228
IslamDignifiesWomen,4202
الحرب_الفاشله,4182
AhlulBayt,4155
StopTheWarOnYemen,4140
PMLNGoonsAttackSC,4112
MyPeacefulPakistan,4006
FreeSindhFromPPP,4006
مصر,3964
رئیسی,3962
yaman,3891
ZionismAgainstHumanity,3891
سرخرو_ہوا_کپتان_ہمارا,3865
ہمارا_نیا_پختونخوا,3799
WellDoneDrYasmin,3798
LongLivePakFauj,3793
ایک_بار,3789
NoMoreSympathyVotes,3756
نااہل_وفاقی_کابینہ,3729
egypt,3706
US,3702
animals,3691
travel,3670
USFatherOfTerrorism,3628
ArrestTraitorNawaz,3622
UnitedWeRise,3603
SayyidAli,3583
نهايات_تفشل1,3574
NationLovesPakArmy,3572
مجھے_کیوں_رلایا,3535
Earth,3519
photo,3517
داعش,3485
BJP,3345
PunishChildMolesters,3312
PuppetLNGPM,3301
تا١٤٠٠باروحاني,3238
LetsRebuildPakistan,3232
PalestineNotForSale,3225
بےمثال_کپتان_ہمارا,3193
Kashmir,3146
تکرارمیکنیم,3128
Rohingya,3110
دولت۱۰۰درصدی,3067
RohingyaMuslims,3055
BeautifulPakistan,3054
Al_Quran,3047
نااہل_کا_نظریہ,3005
AttentionForMyanmar,2979
PakNeedsElectoralReforms,2974
سلام_شہدائے_وطن,2950
PTI,2915
USA,2908
قاليباف,2900
PakArmyRevivesPeace,2898
به_عقب_بازنمیگردیم,2888
DutyBeingAPakistani,2880
ForgottenQuran,2874
Jerusalem,2848
فساد_سلمان_بن_عبدالعزيز,2825
India,2824
مناظره,2797
WeAllAreImranKhan,2790
FoundationDayISF,2756
KhanWillUniteMuslims,2751
نون_لیگ_مافیا,2749
PrideOfNationSC,2729
العراق,2711
IslamReligionOfPeace,2696
strongestiran,2681
چورپارٹی_مجرم_صدر,2669
القران_المهجور,2666
StayStrongJKT,2658
AdyalaAwaitsNawaz,2650
earth,2649
وزیراعظم_عمران_خان,2624
ARYStandsWithTruth,2621
wildlife,2581
2018ImranKa,2574
Christmas,2545
Palestinians,2525
MaryamDonationChor,2524
BreakingNews,2524
فریب_نمیخوریم,2511
DownWithUSA,2459
VoteForYasminRashid,2458
ہمارا_خوشحال_بلوچستان,2452
القدس_عاصمة_فلسطين_الأبدية,2431
دور_نہیں_قائد_کا_پاک,2429
کرپشن_سے_پاک_پاکستان,2429
MomentsOf2017,2423
کشمیر_کو_آزاد_کرو,2421
ضیاء_کا_لاڈلا_نواز,2420
فلسطين,2412
PakArmyRebuildingPeace,2410
اسحاق,2406
News,2395
SaudiArabia,2392
Breaking,2388
سوريا,2378
Iraq,2376
میرا_سچا_کپتان,2342
NoPollsWithoutReforms,2318
SaveYemen,2283
SaveRohingyaMuslims,2283
برجام,2283
GamesSeruKartini,2283
PakistanIsMyLove,2281
ImranKhanOurPride,2280
ReleaseVolume10,2277
وزیراعظم_استعفیٰ_دو,2271
ImranVsAll,2256
نواز_صرف_چور,2253
يوم_القدس_مسيرة_العودة,2249
PoliceNeedsReforms,2248
افغانستان,2243
70YearsOfExcellence,2237
Russia,2235
PS114ForPTI,2228
عدلیہ_تیرا_شکریہ,2223
FifthFebADayOfKashmir,2212
مک_مکا_ترمیم_نامنظور,2207
Art,2199
DarGrilledByJIT,2185
YeHaiNayaKPK,2179
پانامہ_سے_اقامہ,2175
palestine,2174
JazbaEAzaadi,2164
نا_اہل_کا_جنازہ,2143
یمن,2142
نااہل_پنجاب_حکومت,2140
Nature,2139
Aleppo,2132
NoMoreCorruption,2120
HBDKaptaan,2114
ThankYouWorldEleven,2107
GoShahbazGo,2099
Bahrain,2095
LNG_عباسی_نامنظور,2094
جهانگیری,2088
KashmirDeservesFreedom,2075
beritadunia,2072
NawazScaredOfNAB,2060
میں_اِن_کو_رُلاؤں_گا,2054
DacoitSharifFamily,2041
gaza,2037
GazaUnderAttack,2024
خان_نے_کیسا_رلایا,2021
شہادت_امام_جواد,2021
WhyITrustKaptaan,2010
PMLN,1979
GeoNoonFlopShow,1978
IslamMainHai,1976
PMLNHijacks62and63,1961
YemenBleeds,1957
ProudOfYouImranKhan,1956
NationRejectsPPP,1946
ببین_چی_میگم,1941
PrayForMotherLand,1937
مولود_کعبہ_مولا_علی,1929
israel,1927
کرپشن_مکاؤ_ملک_بچاؤ,1926
Afghanistan,1923
StopMuslimsGenocide,1920
البحرين,1919
Zionism,1892
SavePalestine,1890
القدس,1882
ترامب,1865
InternationalQudsDay2018,1864
KillersUnitedInIsrael,1853
KPKDengueUpdates,1845
تغییرات_ملموس,1826
درس_حسین_ع,1823
لبیک_یاحسین,1823
landscape,1819
PakRisesWithCPEC,1819
WeRejectAntiPakMedia,1806
شہباز_میٹرو_کرپشن,1802
AgliBariDakuZardari,1792
NationSalutesSC,1786
قدم_بڑھاؤ_سپریم_کورٹ,1785
شہادت_امام_باقر,1770
USRC,1769
نواز_کا_عوام_دشمن_بجٹ,1762
SaudiMustApologize,1753
RespectArmyAndJudiciary,1751
ImranAndARY,1731
FakeNews,1730
ایران_با_عزت,1730
چوروں_کو_گرفتار_کرو,1723
QudsDay2018,1720
السودان_اليوم,1720
بن_سلمان_يجوع_اليمن,1717
ThanksIKForKPKPolice,1714
عمران_چلے_پٹواری_جلے,1712
NoNROForSharifs,1703
ArrestDakuShareef,1701
ArrestSaadRafique,1698
کنےکنےجانابونگےدےنال,1683
حتی_زوال_اسرائيل,1671
FreeZakzaky,1668
AplikasiMyIndiHome,1666
Syria4Syrians,1664
UnEmploymentACurse,1664
UnityWeek,1659
KhomeiniTheLegend,1656
السبسي,1653
منی_ٹریل_یا_اڈیالہ_جیل,1643
قطر,1642
ألف_يوم_من_العدوان,1642
PakAwaitsJustice,1637
SupportIKToSavePak,1637
TrustAllah,1637
HappyBirthdayPTIVF,1636
StandUpToFightRapists,1634
ایران,1632
HitungUntungIndiHome,1626
ImportanceOfUnity,1626
KashmirDeniesIndia,1620
IKAgainstTerrorNotPSL,1613
SharifsGameOver,1610
LongLiveKashmirMovement,1595
Netanyahu,1594
حتى_زوال_إسرائيل,1593
کپتان_بدلے_گا_پاکستان,1591
Washington,1587
love,1584
غزة,1581
USFailsInAfghanistan,1581
ShiaGenocideReport2016,1577
٨٠٠يوم_عدوان_على_اليمن,1571
تا_نابودی_اسرائیل,1568
NawazThreatenedSC,1562
RamazanTeachesPatience,1558
CholeraInYemen,1558
KashmirReferendum,1553
انتخاب96,1547
IslamTeachesUs,1539
Press,1527
بلے_پے_نشان_نیا_پاکستان,1515
WakeMyanmarEmbassy,1512
NA120KaptaanKa,1506
beautiful,1505
Salute2PakForces,1491
Photography,1484
picture,1484
NetanyahuAgainstHumanity,1482
IuvmPress,1472
SCUnderAttack,1466
Turkey,1455
iran,1453
Rouhani,1453
ArmyExposedKhawarjis,1452
WeHateAmerica,1449
تعز,1449
ICJmustWakeUp,1440
دوبھکاری_دوانتشاری,1439
makemoneyonline,1439
نواز_کے_کالے_کرتوت,1435
LahoreKaptaanKa,1434
tech,1433
ليبيا,1428
Article,1423
نااہل_ہوگا_نوازشریف,1421
AntiPakAgendaOfGeo,1415
mukminindonesian,1414
جشن_عید_غدیر,1409
Iuvm,1404
IuvmNews,1400
Iuvmorg,1399
المغرب,1392
تعلیم_کا_انصاف,1381
clouds,1380
Unity_Week,1378
ColoursOfPakistan,1370
DilKiBaat,1367
NoMoreUSdictation,1365
Deleteisrael,1363
BeUnitedBePakistani,1362
ليبيا_المختار,1361
PakistanWantsChange,1360
sunset,1357
چورِ_اعظم,1355
شان_پاکستان,1343
painting,1342
امام_خمینی,1337
NeedReformInSystem,1336
ALLAHkiNaimaten,1334
UN,1332
1000DaysOfWarOnYemen,1325
WakeupUnitedNations,1321
WarAgainstCorrupts,1315
yemenpress,1312
SaveAlQudsFromIsrael,1309
ImportanceOfSalah,1308
Islam,1305
TrumpThreatToPeace,1305
AleppoRealStory,1300
AlvidaNawazSharif,1291
عمران_کو_درکار_بدکردار,1290
EnoughIsEnough,1281
عوام_بمقابلہ_کرپٹ_شریف,1278
الغنوشي,1274
Serat_e_Nabwi,1273
افغانستان_آزمایشگاه_نیست,1269
Together4Palestine,1264
اسلام_کا_پیغام_امن,1260
Justice4IsaQassim,1258
JinnahTheRevolution,1250
ThankYouYounisMisbah,1248
Myanmar,1245
GlobalBaqeeDay,1240
آنتی_تروریسم,1240
ImranKhan,1235
سعودیہ_یہودی_ایجنٹ,1234
علامہ_اقبال_کا_پاکستان,1233
تبدیلی_کا_نشان_عمران_خان,1232
کشمیر_ہے_پاکستان,1232
DirtyPTI,1229
SupportImranSavePakistan,1224
TeachingsOfProphetﷺ,1221
حامیان_خراسانی_قدس,1219
Animals,1216
ايران,1214
Ramadan,1214
رو_مریم_نواز_رو,1214
China,1213
NationIsProudOnJudiciary,1211
Genocide,1211
PanamaRemainsAlive,1208
EndOfSharifEmpire,1206
breakingnews,1206
Photo,1204
إسرائيل,1202
fakenews,1198
انتخابات,1193
SpiritOfRamzan,1192
يوسف_الشاهد,1187
SharifsLootedTheNation,1186
NawazSharif,1185
Egypt,1184
آمریکا,1183
فيديو,1183
Muslims,1182
الحسين_يجمعنا,1176
husainforjustice,1176
TheOppressedFatima,1173
StandUp4Kashmir,1173
BuildDamsSavePak,1171
PPPTerroristWing,1169
BoycottJangGeo,1164
PakArmySymbolOfPeace,1163
MessageOfIslam,1163
ICC4Israel,1160
UK,1158
Khamenei,1157
Travel,1154
GreatReturnMarch,1150
اعيدوا_لنا_الكويت_الكبري,1148
JerusalemIsTheEternalCapitalOfPalestine,1138
ReformedKPK,1138
KaptaanOwnsDGK,1137
محرم,1134
قدس_پایتخت_اسلام,1132
YemenWarCup,1132
امام_جعفر_صادق,1126
روز_قدس_بازگشت_بقدس,1123
space,1118
LetPalestineBreath,1117
FromMasjidAlHaram,1116
breaking,1114
bookish,1108
کرپشن_کے_خلاف_تحریک,1107
ThankYouJinnah,1107
Brexit,1105
YetOppressedFatima,1103
آل_سعود,1103
indonesia,1102
RecoverShiaMissingPersons,1098
TraitorNawazExposed,1094
VoteForNajeebHaroon,1091
نواز_عدالت_سے_فرار,1091
KhoobsuratAmal,1089
Zionist,1088
PakistanBefore2013,1084
alarabiya,1083
quote,1076
GoNawazGo,1068
PPP,1067
ناکام_لیگ_ناکام_وزیر,1067
islam,1065
NaAhelNoonLeague,1065
RT,1057
NationStandsWithSC,1057
عقیدہ_ختم_نبوت,1057
اسرائیل,1055
KPKShiningWithPTI,1054
BravoSupremeCourt,1054
سوریه,1053
من_المسجد_الحرام,1051
الإمارات,1049
FinalCallKhyberIV,1048
محمدالمصطفی_حسن_المجتبی,1048
StoriesOfCorruption,1048
بےحیابدکرداربےشرم,1046
بائیکاٹ_سماء,1036
کھیل_دلچسپ_مرحلے_میں_داخل,1034
NationSalutesJIT,1033
ImamAli,1032
LovelyLandscape,1031
FATF,1029
MAGA,1028
ImamKhamenei,1028
اب_بدلے_گا_پاکستان,1026
animal,1021
Karachi,1020
أمريكا,1018
ن_میں_نورا_کشتی,1015
TheLastProphetMuhammadﷺ,1013
Sky,1010
artist,1009
الهلال_الاهلي,1007
ShaheedArif,1006
ساعه_استجابه,1004
Quds,997
سونامی_نہیں_رکےگا,996
PTI_کا_نعرہ_پاکستان_ہمارا,996
sun,994
SaudiKillsPilgrims,992
RSS,992
حکومت_انحصاری,990
مكة_تشكر_نتنياهو,989
بےحیائی_کا_نشان_عمران_خان,989
LoveChina,988
IKUnitesPakistan,987
health,984
WhyHussainLeftMakkah,983
MonthOfBlessings,983
UnitedWeKhan,982
IKVsCorruption,979
المختار,979
image,978
kpklovespti,977
RejectNawazSavePak,974
BlackAndWhite,966
کرپشن_سے_غداری,963
PTIVF,962
جعلی_حکومت_جعلی_ترقی,962
WakeUpUnitedNations,961
سیٹھی_ہٹاؤ_کرکٹ_بچاؤ,961
ShameOnCMPunjab,960
Venezuela,958
قادری_کفن_فروش,958
HungerStrike4Justice,957
RAWPromotesTerrorism,955
WhyHussainLeftMadina,950
pashtu,950
اونچارہےاپناعلم,948
TalashiOfSharifFamily,948
انشاءاللہNA120شیرکا,947
قالیباف,947
afghanwolas,947
trndnl,946
Zionists,946
WhoAreTheyDefending,946
RebuildJannatulBaqi,943
drawing,943
FreeBaqi,942
پشتو,941
TheNatural,939
BibiZainab,937
trump,937
JordanNews,936
ShutDownCorruption,934
BrutalIndianArmy,931
فزت_ورب_الكعبہ,929
TeachingsOfIslam,927
HussainForJustice,926
AamirNahiChalayGa,925
السعودیة,921
اسرائيل,919
JhootPayJhoot,919
جيزان,915
innovation,913
SCExposesSharifs,911
PakistanZindabad,909
اب_کی_بار_صرف_کپتان,908
القدس_عاصمه_فلسطين_الابديه,907
CertifiedCorruptNoonLeague,907
زرداری_اب_تمہاری_باری,905
الكويت,903
NoonEndsSoon,901
America,898
WomenProtest4Justice,898
PakistanNeedsKaptaan,895
Justice_comingSoon_ATF,892
ترامپ,891
عربستان,890
RealFaceOfTerrorism,888
ShareyourMemories2017,886
نجران,885
بانوی_فاشیست,885
London,884
city,882
حضرت_ابوطالب,882
SendNawazToJail,882
SupremeCourt,881
forest,880
DharnaGardiBandKaro,878
اللہ_الحق_ہے,878
Apartheid,876
TaleOfMegaCorruption,876
IDF,876
حرف_حق,876
اہل_دربار_اب_بھونکنا_بیکار,876
کرپشن_دفاع_ٹیم,875
Pakonlinenews,875
ImplementNAPSavePak,875
SalaamJinnah,871
WeNeedUnbiasedMedia,870
PakMartyrsOfMinaStampede,868
سیدالساجدین,867
الملك_يعود_الي_ارض_الوطن,865
ضمیر_کا_انتخاب_عمران_خان,865
StopBeggingForDebt,861
اگلا_وزیراعظم_عمران_خان,860
DonaldTrump,858
EEUU,857
اگلا_میچ_پانامہ,853
BoycottIsrael,852
الجوف,852
PTIForUnitedPakistan,850
جیتےگاانصاف_ہارےگانواز,850
ShareYourMemories2017,849
MeToo,848
جشن_الصادقین,847
IKIsOurPride,847
IStandWithRajaNasir,847
NoBanOnAzadari,846
Resist,846
جناح_کا_پاکستان,844
MotherOfThieves,843
SunderLalCommissionReport,841
PakistanKayLiye,840
سنڌ_جو_آواز_گو_نواز,840
ووٹ_عمران_خان_کا_کیونکہ,839
بریانی_پہ_مت_مرنا,836
ملک_کو_عزت_دو,836
StandingRock,832
IKPressCon,830
CPEC,830
قصور_کی_شان_عمران_خان,830
entrepreneur,829
HappyBirthdayKhanSahb,828
Hamas,827
فوج_کو_عزت_دو,826
کرائےکی_جلسی,822
شریف_خاندان_عبرت_کا_نشان,821
CPECRevivesBalochistan,821
BringBackOurMoney,821
تركيا,819
عمران_ہماری_شان,818
BlackLivesMatter,814
اب_ہوگی_انصاف_کی_جیت,814
NikloPakistanKiKhatir,813
WeAreProudOfIK,813
ProtectFirstQibla,812
MyanmarGenocide,812
عمران_بدلے_گا_پاکستان,811
Putin,810
IranDeal,806
MyVoteForIK,806
flower,805
السودان,804
मोदी,803
RO_ILZAMI_RO,801
PakistanStandsWithARY,800
صنعاء,800
تلاشی_پھر_سے_شروع,799
غير_مصنف,797
CorruptionBachaoRally,796
Obama,796
YaumETashakur,795
اقتدارنہیں_اختیاردو,795
KSA,792
WomenOurPride,791
اربعین,791
ھفتہ_وحدت_۱۲تا۱۷ربیع_الاول,791
IOF,790
جلو_عمران_جلو,788
TheResistance,788
ImranFightsForNation,788
StillLife,786
world,785
flowers,783
StopAttackingJudiciary,782
ولادت_امام_رضا,782
ٹھپا_لگاؤ_انڈیا_کو_ہراؤ,781
ArifKaWarisNasir,780
LifeOnEarth,780
illustration,779
سوریا_محور_الصمود,774
Tehran,773
IWillVoteForBAT,772
اب_کی_بار_عمران_سرکار,768
MWMWantsJinnahPakistan,767
freepalestine,767
RoleModelArfaKarim,766
CHANGE,766
ArrestPunjabLooters,766
PTIEmpowersTheWoman,766
HOW_TO,765
RespectForPakForces,765
PakistanRejectsTrump,764
MeraLeaderSirfKhan,762
منوعات,762
کپتان_امن_کا_ترجمان,762
photooftheday,761
سفیر_حسین,760
1000HariAgresiKeYaman,759
مناظره_سوم,759
مردم,756
قطری_خط_ثبوت_نہیں_ردی,755
Legends_Of_Humanity,754
MianMentalShareef,753
محمد_بن_سلمان,753
technology,753
پاکستان_ہماری_جان,752
IsraelCrimes,750
اليوم_الوطني_الاماراتي46,750
مقصدکربلا,750
Iranian,749
HouseOfPimpsPTI,746
دانشجو,746
یاسکینہ_بنت_الحسین,743
رمضان,742
RejectTrumpPolicy,741
FreeKashmir,740
MyCountryMyParadise,740
MessageForUnitedStates,739
الرياض,739
PakStandsWithSC,738
GameOverNawazZardari,737
zionismagainsthumanity,737
میں_دین_کا_حامی_ہوں,737
ابن_حیدر_حسین_وعباس,737
سعودی,736
ImpeachTrump,735
AAP,734
AlAqsa,734
مجھے_کیوں_چپ_کروایا,734
isis,731
القدس_لنا,731
WeLoveMuhammad,730
FreeRoadDelivery,728
IKTheRealChampion,727
OurLeaderOurPride,727
يوم_الجمعه,727
NewProfilePic,727
Daesh,726
ام_المومنین_خدیجہ_صدیقہؑ,724
MessageOfProphet,724
cute,724
BalochistanCelebrates,723
Follow,723
Justice4Parachinar,723
العجل_یامہدی,722
فخرِپاکستان_ساہیوال_میں,722
success,720
KarachiStandsWithIK,718
France,717
إيران,716
KiunKaataMujhay,713
کپتان_کا_خواب_روشن_پاکستان,711
LetUsAllUnite,708
QudsCapitalofPalestine,708
PalestineMustBeFree,708
DramaQueenNawaz,707
SCServesJustice,707
PSLJunoon,706
design,704
النهضة,704
culture,704
چور_اچکے_بمقابلہ_آئین,703
تلگرام,702
سوریه_نتیجه_مقاومت,702
NA120,699
ایک_تھا_قطری,698
music,697
books,697
QudsDay2017,696
Ideal_Woman,696
WhyDieselBetraysKashmir,696
امام_حسن_عسکری,695
AfgShouldActAgainstTerror,695
عمران_محسن_شیطان,691
SlavesOfMaryamNawaz,689
LetsTalkAboutPakistan,689
WajidJITandPakistan,689
LetsUniteToSaveMuslims,689
نیازی63_62,689
architecture,687
JCPOA,686
لیڈر_صرف_کپتان,684
NawazVsShehbaz,684
LETSFIGHTTERRORISM,684
ImranVSAll,683
یاصاحب_الزمان,682
نواز_چور_تلاشی_دو,682
نصف_عام_من_التنكيل,679
السيسي,677
برای_حسین,675
سلام_عدلیہ,674
HumanRights,673
شیر_نہیں_گیدڑ,672
money,672
TenYearsOfShamDemocracy,670
PakistanZindabadMovement,670
Love,669
business,665
ReviveEthicsInPolitics,665
summer,664
StopAbuse,663
HungerGamesByPMLN,663
SaluteToCJP,662
Delhi,662
NoToUSTerrorismOnYemen,662
نون_کی_سیاسی_موت,660
NiaziKoArrestKero,659
فزت_و_رب_الکعبه,659
INDIGENOUS,658
صراطِ_مستقیم,658
میرا_انعام_پاکستان,657
SupportIKBecause,656
amazing,655
تا۱۴۰۰باروحانی,653
KashmirNeedsFreedom,653
العوامية,652
راحیل_بنو_ریال_شریف_نہیں,652
Arbaeen,652
MujhayKyunNikala,651
AlQuds,651
عسير,651
GTRoadکپتان_کی_موت,648
JNU,648
NationRejectStatusQuo,648
FreeYasinMalik,648
پکا_نااہل_شریف,647
dogs,646
jordantimes,645
standupforteamgreen,644
sunni,643
كاريكاتير,642
70YearsOfIndianBrutality,641
BuryCorruptionInElection,640
HumSabKaPakistan,639
مریم_کی_بونگیاں,639
ایک_کپتان_سب_کی_جان,637
NawazUcantDelayUrFate,637
SultaneKhurasan,637
KuisMyIndiHome,636
ChemicalWeaponsInKashmir,636
NABinvestigateSaadRafique,635
EducatePakistanWithPTI,635
MianDramaSharif,635
life,634
ThankYouSaqibNisar,633
PakWantsPeaceInAfg,633
KashmirSolidarityDay,632
DengueLeague,631
فلسطین,631
PakSalutesRashidMinhas,630
Article6ForNawaz,629
FallOfSharifEmpire,629
آئین_نہیں_کرتوت_بدلو,629
Alarabiya,628
قیام_امام_حسین,626
ArrestQatilSharif,625
NeverForgetSabraShatila,624
ذلت_کا_نشان_نواز,624
JustBelieveInKhan,623
ببلو_اشتہاری_ہوگیا,622
تهران,621
WellDonePunjabPolice,621
کسبی_کےہاتھ_تسبیح,620
Modi,620
WeSupportDrShahid,619
مالشیاپالشیاسکواڈ,618
OurArmyOurPride,618
ThankYouNasirDurrani,617
Tech,617
IKIsOnNervesOfNawaz,616
القدس_عاصمه_فلسطين,615
أهل_البیت,615
SupportIKForNayaPak,614
Terrorism,614
OneOfMyFav,614
NationStandsWithKaptaan,614
اوقات_میں_رہو_فسادیو,613
ShowBazDrameyBaz,613
ImamJafarSadiq,612
پاک_فوج_امن_کا_نشان,611
جشن_مولود_کعبہ,610
NorthKorea,609
WhyWeHateNawaz,609
کپتان_اُمید_پاکستان,609
SaveEdhiFoundation,608
NotMyPresident,607
UnnamedSourcesOfOurMedia,607
NoElectionWithoutReforms,606
GE2017,604
JusticeForDrFiza,603
نواز_زردای_نوراکشتی,603
PTIIslamabadJalsa,603
AlQudsDay,602
پاکستان,602
IHateIndiaBecause,601
روسيا,601
میڈیاگردی,600
HangZainabRapistPublicly,600
PanamaReturns,598
غدارنواز,598
SecureYourFuture,597
ویلکم_ٹو_اڈیالہ_چور_نواز,596
VictoryOfIslamMubahila,596
StoryOfTwoAmbassadors,596
افريقيا,595
StepDownCorruptSharif,595
شکرا_العراقین,595
العدوان,595
TributeToBurhanWani,594
Husain4All,594
العالم,593
RoleModelJinnah,592
BiryaniKhaoJalsaSajao,592
تمہیں_نکالا_کیونکہ,592
GossipGirlAhmadNorani,591
Hebron,591
ThankYouImranKhan,590
صفاقس,590
توہین_رسالت_نامنظور,589
JusticeForZainab,588
Video,587
کتوں_والا_کپتان,587
PanamaCase,587
الحدث24,586
سرخرو_ہوا_عمران,586
اک_واری_فیر_نااہل,586
JacobabadKaptaanKa,586
TheManWithAMission,585
WhyNAPFailedAskGHQ,582
DonateToEdhiFoundation,581
NoMoreNRO,581
Resistance,580
تیرا_قصور_یہ_ہے,580
نیازی_نےکرلیا_اعتراف,580
DisqualifyNawazSharif,580
بونگےبندکروبدمعاشی,579
TributeToPakistan,578
Al_Askari,578
عاجل,576
کهوتاخوروں_کا_اجتماع,575
مہنگائی_نہیں_چلے_گی,575
NowPlaying,575
حمایت_مظلومین_کشمیر,574
بوکھلاہٹ_کاشکار_نونی_وزراء,574
لبنان,574
alSaudHijacksHajj,574
AbSirfImranKhan,573
مشکل_سے_ملی_ہے_آزادی,573
WeLoveProphetPBUH,573
ال_سعود,572
ThinkBeforeYouVote,572
terrorism,571
AwamKoSaafPaniDo,571
ملعون_ن_لیگ,571
JusticeForAhmed,571
Macron,570
BluffMasterSharif,569
RentAJalsi,569
WelcomeToNayaPak,569
SaveZakia,568
Quetta,568
HowToStopChildAbuse,568
HarDilZalmi,568
letkashmirbefree,568
NawazGhundaLeague,568
خطوط_راشد,567
DismissNSlikeSharjeel,566
الحديدة,566
PanamaVerdict,566
امن_کا_نشان_ہمارا_پاکستان,564
نواز_چور_مچائے_شور,564
LetsEliminateTerrorism,563
TAIRP,563
ChorOrGhaddarKaPyar,561
PisshiningIndia,561
بغداد,560
HijabDignifiesWomen,559
DonNawazSharif,559
CPECforGlobalTrade,558
water,556
النجمالثاقب,556
اب_بنےگا_قائد_کا_پاکستان,555
JusticeForJamshedDasti,554
WelldoneRaheelShareef,554
RemoveAbsarSavePEMRA,554
لو_روک_لیا,553
NSDurraniBhaiBhai,553
کوئی_شرم_کوئی_حیا,553
BrandGhaddarSharif,553
ThankYouKhanSahb,553
کپتان_مارے_گا_چھکا,552
saudi,552
travelblog,552
KashmirAndQuds,552
Article190,552
FreeAhedTamimi,551
FreeGaza,551
SKMCHforBalochistan,550
پانامہ_کافیصلہ_کرپشن_کاخاتمہ,550
peace,550
انٹرنیشنل_چور_نوازشریف,550
EU,550
AzadariOurRight,550
PakArmy,550
WhyIndiaLovesNawaz,549
نواز_خائن_شریف,549
KuchMainKaho,549
Qatar,549
KhanNameOfTrust,549
دلار,549
مولارضا,548
NextPatwariSymbol,548
christmas,548
القدس_ستبقي_عربيه,547
