domains,count
dotu.ae,20731
osmn.ly,7422
qleaks.com,6767
qatarileaks.com,4036
3thmanly.com,2950
twitter.com,1532
bit.ly,833
goo.gl,652
sudanalyoum.com,547
youtube.com,434
twimg.com,295
fb.me,231
dotemirates.com,224
youtu.be,206
albayan.ae,133
bnlibya.com,96
sudanakhbar.com,82
emaratalyoum.com,76
pscp.tv,67
elfagr.org,62
aawsat.com,62
arabmubasher.com,61
skynewsarabia.com,59
arabtrends.net,54
instagram.com,53
rasdqatar.com,49
youm7.com,47
alittihad.ae,44
fllwrs.com,42
dotmsr.com,40
du3a.org,39
albawabhnews.com,38
elwatannews.com,36
wam.ae,35
almasryalyoum.com,34
ara.tv,30
24.ae,29
cnn.com,28
alkhaleej.ae,28
cnn.it,26
sabq.org,25
bbc.in,25
snpy.tv,23
rt.com,23
bbc.com,22
cnbcarabia.com,22
elbalad.news,22
vetogate.com,21
alarabiya.net,21
alhayat.com,20
emirates247.com,16
theforeigncode.com,14
al-ain.net,14
sheikhmohammed.ae,14
technologianews.com,13
alaan.tv,13
uaecabinet.ae,13
facebook.com,12
eremnews.com,12
alghad.tv,11
ow.ly,11
is.gd,11
f24.my,10
dw.com,10
almezmaah.com,10
alriyadh.com,9
alroeya.ae,9
aliqtisadi.com,9
alsudanalyoum.com,8
khaleejtimes.com,8
alfujairahdaily.com,7
elfann.com,7
sputniknews.com,7
alwatannewspaper.ae,6
pin.it,6
mohtawa.ae,6
akhbar-alkhaleej.com,6
soundcloud.com,6
france24.com,6
gulfnews.com,6
al-ain.com,6
reuters.com,5
elaph.com,5
ti.me,5
swar.sa,5
araanews.ae,5
spa.gov.sa,5
aitnews.com,5
thenational.ae,5
dlvr.it,5
fw.to,5
wtn.sa,5
cutt.us,5
wrld.bg,4
wsj.com,4
reut.rs,4
mediaoffice.ae,4
filgoal.com,4
mauritanialive.com,4
libyaakhbar.com,4
techinsider.io,4
quran.to,4
zawya.com,4
apne.ws,4
aleqt.com,4
alweeam.com.sa,4
ahram.org.eg,4
abha-news.com,4
elcinema.com,3
fujairahnews.net,3
bloomberg.com,3
emaratsport.com,3
technewnews.com,3
brightside.me,3
slack.com,3
mofa.gov.ae,3
gulf365.co,3
forbesmiddleeast.com,3
sharjah24.ae,3
foreignpolicy.com,3
mp3quran.net,3
halabtodaytv.net,3
al-a.in,3
makani.com.sa,3
a3jabni.com,3
ksu.edu.sa,3
popsci.com,3
lahamag.com,3
alwatan.com.sa,3
sumall.com,3
aljazeera.net,3
gph.is,2
sport360.com,2
al-jazirahonline.com,2
thenextweb.com,2
kooora.com,2
arabhopemakers.com,2
globalfirepower.com,2
alhurra.com,2
soutalomma.com,2
mashable.com,2
haj.gov.sa,2
health.com,2
theguardian.com,2
theglobeandmail.com,2
ap.org,2
hespress.com,2
telegraph.co.uk,2
ift.tt,2
lebanon24.com,2
imgur.com,2
independent.co.uk,2
techcrunch.com,2
kwjournal.com,2
alekhbariya.net,2
alyamanianews.com,2
time.com,2
alyaoum24.com,2
tickld.com,2
almnatiq.net,2
almashhadalsudani.com,2
palestinealyoum.com,2
wapo.st,2
bkr2.net,2
emaratyah.ae,2
bbc.co.uk,2
rollingstone.com,2
ajel.sa,2
dubaisportscouncil.ae,2
dostor.org,2
vine.co,2
etihadmuseum.ae,2
ajm.me,2
almowaten.net,2
okaz.com.sa,2
nytimes.com,2
dailymail.co.uk,2
periscope.tv,2
shar.es,2
argaam.com,2
akhbarona.com,2
nasa.gov,2
mz-mz.net,2
eanlibya.com,2
yahoo.com,2
rte.ie,1
snyar.net,1
rozanapress.com,1
snapchat.com,1
alkhaleejonline.net,1
almusikamagazine.com,1
refugeesps.net,1
smh.com.au,1
shuoon.om,1
rtw8.com,1
s777.org,1
alkuwaityah.com,1
samafb.com,1
samajordan.com,1
sonan.org,1
almarsad.co,1
shehabnews.com,1
sarahah.com,1
sharjahevents.ae,1
sayidy.net,1
sciencealert.com,1
sciencemuseum.org.uk,1
sharjah.ac.ae,1
cointelegraph.com,1
al-watan.com,1
alkhafji.net,1
worldairportsurvey.com,1
voanews.com,1
was.sa,1
watan.com,1
webmd.com,1
wef.ch,1
whatson.ae,1
wikipedia.org,1
wired.com,1
worldbank.org,1
unrwa.org,1
afkari.gov.ae,1
adsports.ae,1
y2u.be,1
yamen5-news.com,1
yemenakhbar.com,1
yonhapnews.co.kr,1
youth.gov.ae,1
aa.com.tr,1
varietylatino.com,1
unesco.org,1
sptnkne.ws,1
telegram.me,1
squawka.com,1
aletihadpress.com,1
supportingsyria2016.com,1
tahrirnews.com,1
talksport.com,1
tass.ru,1
alborsanews.com,1
readingnation.ae,1
al-marsd.com,1
umrah.live,1
thelogicalindian.com,1
theriyadhpost.uk,1
thesun.co.uk,1
tinyurl.com,1
today.com,1
truecaller.com,1
akhbarelyom.com,1
ajmanvision.ae,1
refinery29.com,1
news.ae,1
alrai.com,1
arabmediaforum.ae,1
euro-times.com,1
baladiya.gov.qa,1
azhar.eg,1
fast.com,1
fastcoexist.com,1
ask.fm,1
asfary.com,1
foochia.com,1
forbes.com,1
foreignaffairs.com,1
fromuae.ae,1
radiosawa.com,1
fta.gov.ae,1
arabianbusiness.com,1
fxprg.com,1
gfycat.com,1
arabhardware.net,1
gulftoday.ae,1
haaretz.com,1
hamdan.ae,1
hdth.tv,1
henleyglobal.com,1
balakona.com,1
enstarz.com,1
ennaharonline.com,1
bloom.bg,1
cvent.com,1
dai.ly,1
dailym.ai,1
deccanchronicle.com,1
cnb.cx,1
climatechangenews.com,1
channelnewsasia.com,1
cbc.eg,1
dpa-news.de,1
dpc.org.ae,1
dtmc.gov.ae,1
cbc-eg.com,1
dubaimarathon.org,1
catersnews.com,1
eatingwell.com,1
economy.gov.ae,1
ecssr.com,1
el-ahly.com,1
buff.ly,1
britannica.com,1
elmogaz.com,1
hollywoodreporter.com,1
arabcoders.ae,1
hrw.org,1
mic.com,1
mobtada.com,1
mod.gov.sa,1
moe.gov.ae,1
mohammedbinsalmanlife.com,1
alyamanalaraby.com,1
cohesivefamily2021.ae,1
newsweek.com,1
ngalarabiya.com,1
omandaily.om,1
on.citi,1
onforb.es,1
alwatanvoice.com,1
owl.li,1
palinfo.com,1
alwatan.sy,1
popsugar.com,1
altibbi.com,1
alsjl-news.com,1
qudsn.co,1
alraimedia.com,1
rackcdn.com,1
mirror.co.uk,1
mercatoday.com,1
huffingtonpost.com,1
mcycd.gov.ae,1
inews.co.uk,1
inquisitr.com,1
apimages.com,1
khabarkhaleeji.com,1
khaberni.com,1
kremlin.ru,1
la7zabla7za.com,1
lebanondebate.com,1
libya-news.com,1
alyaum.com,1
libyas.tv,1
maaal.com,1
maannews.net,1
madrasa.org,1
mafa.world,1
makkahnewspaper.com,1
masr20.com,1
masrawy.com,1
maz2j.com,1
mbrgcec.ae,1
mbrsc.ae,1
hrs.org.kw,1
